{
  "project_info": {
    "project_number": "815245277776",
    "project_id": "prueba-b3d98",
    "storage_bucket": "prueba-b3d98.appspot.com"
  },
  "client": [
    {
      "client_info": {
        "mobilesdk_app_id": "1:815245277776:android:55342e94e78bfe9ade2f55",
        "android_client_info": {
          "package_name": "ar.edu.unlam.chat"
        }
      },
      "oauth_client": [
        {
          "client_id": "815245277776-utuf50a0t2oesd0ckfmd73u245k7nrm1.apps.googleusercontent.com",
          "client_type": 3
        }
      ],
      "api_key": [
        {
          "current_key": "AIzaSyAWVbi983j_XUeq8U89nef-53HumdeEzWo"
        }
      ],
      "services": {
        "appinvite_service": {
          "other_platform_oauth_client": [
            {
              "client_id": "815245277776-utuf50a0t2oesd0ckfmd73u245k7nrm1.apps.googleusercontent.com",
              "client_type": 3
            }
          ]
        }
      }
    }
  ],
  "configuration_version": "1"
}